{
  "id": "cuevana3pro",
  "name": "Cuevana3Pro",
  "thumbnail": "cuevana3pro.jpg",

  "active": true,

  "searchable": true,
  "search_types": ["all", "movie", "tvshow"],

  "categories": ["movie", "tvshow"],
  "language": ["cast", "lat", "vose"],

  "clusters": ["crypto", "suggested", "notice", "current", "rankings", "years", "kids", "docs", "vos", "anime", "dorama"],

  "notes": "Películas por géneros. Series por Géneros. Puede requerir el uso de proxies en función del país/operadora desde el que se accede."
}
