{
  "id": "dontorrent21",
  "name": "DonTorrent21",
  "thumbnail": "dontorrent21.png",

  "active": true,

  "searchable": true,
  "search_types": ["all", "movie", "tvshow"],

  "categories": ["movie", "tvshow", "torrent"],
  "language": ["cast"],

  "clusters": ["clone", "onlyone", "current", "torrents", "news", "lasts", "years", "qualityes", "kids", "docs", "4k"],

  "notes": "Canal con enlaces Torrent exclusivamente. Películas, Series y Documentales, por géneros. Puede requerir el uso de proxies en función del país/operadora desde el que se accede."
}