{
  "id": "homecine",
  "name": "HomeCine",
  "thumbnail": "homecine.jpg",

  "active": true,

  "searchable": true,
  "search_types": ["all", "movie", "tvshow"],

  "categories": [ "movie", "tvshow" ],
  "language": ["cast", "lat", "vose"],

  "clusters": ["current", "notice", "clons", "onlyone", "suggested", "news", "lasts", "years", "stars", "directors", "kids", "docs", "vos"],

  "notes": "Películas por géneros, años y países. Series por Géneros. Puede requerir el uso de proxies en función del país/operadora desde el que se accede."
}
