{
  "id": "pelisplushdlat",
  "name": "PelisPlusHdLat",
  "thumbnail": "pelisplushdlat.jpg",

  "active": true,

  "searchable": true,
  "search_types": ["all", "movie", "tvshow"],

  "categories": ["movie", "tvshow"],
  "language": ["cast", "lat", "vose"],

  "clusters": ["suggested", "current", "news", "rankings", "years", "lasts", "docs", "anime", "dorama", "vos"],

  "notes": "Películas por géneros y años. Series por Géneros. Puede requerir el uso de proxies en función del país/operadora desde el que se accede."
}
