<?xml version="1.0" encoding="UTF-8" standalone="yes"?>
<addon id="plugin.video.youtube" name="YouTube" version="7.3.0+leia.1" provider-name="anxdpanic, bromix, MoojMidge">
    <requires>
        <import addon="xbmc.python" version="2.26.0"/>
        <import addon="script.module.requests"/>
        <import addon="inputstream.adaptive"/>
        <import addon="script.module.inputstreamhelper" optional="true"/>
        <import addon="script.module.pysocks" optional="true"/>
    <import addon="script.module.kodi-six"/></requires>
    <extension point="xbmc.python.pluginsource" library="resources/lib/plugin.py">
        <provides>video</provides>
    </extension>
    <extension point="xbmc.service" library="resources/lib/service.py"/>
    <extension point="xbmc.python.module" library="resources/lib/"/>
    <extension point="xbmc.python.script" library="resources/lib/script.py">
        <provides>executable</provides>
    </extension>
    <extension point="xbmc.addon.metadata">
        <assets>
            <icon>resources/media/icon.png</icon>
            <fanart>resources/media/fanart.jpg</fanart>
        </assets>
        <platform>all</platform>
        <license>GPL-2.0-only</license>
        <forum>https://ytaddon.panicked.xyz/forum</forum>
        <website>https://www.youtube.com</website>
        <source>https://github.com/anxdpanic/plugin.video.youtube</source>
        <reuselanguageinvoker>true</reuselanguageinvoker>
        <summary lang="bg_BG">Добавка за YouTube</summary>
        <summary lang="bs_BA">Dodatak za YouTube</summary>
        <summary lang="cs_CZ">Plugin pro YouTube</summary>
        <summary lang="da_DK">Plugin til YouTube</summary>
        <summary lang="de_DE">Plugin für YouTube</summary>
        <summary lang="el_GR">Πρόσθετο YouTube</summary>
        <summary lang="en_GB">Plugin for YouTube</summary>
        <summary lang="eo">Aldonaĵo por YouTube</summary>
        <summary lang="es_ES">Complemento para YouTube</summary>
        <summary lang="es_MX">Complemento para YouTube</summary>
        <summary lang="et_EE">YouTube lisamoodul</summary>
        <summary lang="fi_FI">YouTube-lisäosa</summary>
        <summary lang="fr_FR">Plugin pour YouTube</summary>
        <summary lang="ga">Breiseán do YouTube</summary>
        <summary lang="he_IL">תוסף עבור YouTube</summary>
        <summary lang="hr_HR">Dodatak za YouTube</summary>
        <summary lang="hu_HU">YouTube kiegészítő</summary>
        <summary lang="id_ID">Pengaya untuk YouTube</summary>
        <summary lang="it_IT">Plugin per YouTube</summary>
        <summary lang="ko_KR">유튜브 플러그인</summary>
        <summary lang="nb_NO">Tillegg for YouTube</summary>
        <summary lang="nl_NL">Plugin voor YouTube</summary>
        <summary lang="pl_PL">Wtyczka YouTube</summary>
        <summary lang="pt_BR">Plugin para YouTube</summary>
        <summary lang="ro_RO">Modul pentru YouTube</summary>
        <summary lang="ru_RU">Видеодополнение YouTube</summary>
        <summary lang="sk_SK">Doplnok pre YouTube</summary>
        <summary lang="sv_SE">Insticksmodul för YouTube</summary>
        <summary lang="tr_TR">YouTube için eklenti</summary>
        <summary lang="uk_UA">Додаток для YouTube</summary>
        <summary lang="vi_VN">Plugin dành cho YouTube</summary>
        <summary lang="zh_CN">油管插件</summary>
        <summary lang="zh_TW">YouTube附加元件</summary>
        <description lang="bg_BG">YouTube е един от най-големите уеб сайтове за споделяне на видео в целия свят.</description>
        <description lang="bs_BA">YouTube je jedna od najvećih svjetskih web stranica za dijeljenje videozapisa.</description>
        <description lang="cs_CZ">YouTube je jedna z největších webových stránek světa sdílející video.</description>
        <description lang="da_DK">YouTube er et af verdens største videodelingswebsteder.</description>
        <description lang="de_DE">YouTube ist eines der größten Video-Sharing-Websites der Welt.</description>
        <description lang="el_GR">Το YouTube είναι μία από τις μεγαλύτερες ιστοσελίδες διαμοιρασμού βίντεο στον κόσμο.</description>
        <description lang="en_GB">YouTube is one of the biggest video-sharing websites of the world.</description>
        <description lang="es_ES">YouTube es uno de los sitios web para compartir vídeos más grandes del mundo.</description>
        <description lang="es_MX">YouTube es uno de los más grandes sitios web de intercambio de videos del mundo.</description>
        <description lang="fi_FI">YouTube on yksi maailman suurimmista videoiden jakosivustoista.</description>
        <description lang="fr_FR">YouTube est l'un des plus grands sites de partage vidéos du monde.</description>
        <description lang="he_IL">YouTube הוא אחד מאתרי שיתוף הווידאו הגדולים בעולם.</description>
        <description lang="hr_HR">YouTube je jedna od najvećih stranica za dijeljenje video sadržaja na svijetu.</description>
        <description lang="hu_HU">A YouTube világ egyik legnagyobb videómegosztó weboldala.</description>
        <description lang="id_ID">YouTube adalah salah satu situs web berbagi video terbesar di dunia.</description>
        <description lang="it_IT">YouTube è uno dei più grandi siti di condivisione video del mondo.</description>
        <description lang="ko_KR">유튜브는 세상에서 가장 큰 동영상 공유 사이트 중의 하나입니다.</description>
        <description lang="nb_NO">YouTube er en av verdens største nettsider for videodeling.</description>
        <description lang="nl_NL">YouTube is een van de grootste videodelenwebsite in de hele wereld.</description>
        <description lang="pl_PL">YouTube jest jednym z największych na świecie serwisów udostępniania wideo.</description>
        <description lang="pt_BR">O YouTube é um dos maiores sites de compartilhamento de vídeos do mundo.</description>
        <description lang="ro_RO">YouTube este unul dintre cele mai mari saituri de distribuire de videoclipuri din lume.</description>
        <description lang="ru_RU">YouTube - популярнейший видеохостинговый сайт, предоставляющий пользователям услуги хранения, доставки и показа видео.</description>
        <description lang="sk_SK">YouTube je jednou z najväčších stránok na zdieľanie videa na svete.</description>
        <description lang="sv_SE">YouTube är en av världens största webbplatser för videodelning.</description>
        <description lang="tr_TR">YouTube, dünya üzerindeki en büyük video paylaşma platformlarından birisidir.</description>
        <description lang="uk_UA">YouTube є одним з найбільших відеохостингів в світі.</description>
        <description lang="vi_VN">YouTube là một trong những trang web chia sẻ video lớn nhất trên thế giới.</description>
        <description lang="zh_CN">油管是世界上最大的视频分享网站之一。</description>
        <description lang="zh_TW">Youtube 是全世界最大的影片分享網站。</description>
        <disclaimer lang="bs_BA">Ovaj dodatak nije odobren od strane Googlea</disclaimer>
        <disclaimer lang="cs_CZ">Tento plugin není schválen společností Google</disclaimer>
        <disclaimer lang="da_DK">Dette plugin er ikke godkendt af Google</disclaimer>
        <disclaimer lang="de_DE">Dieses Plugin ist nicht von Google befürwortet</disclaimer>
        <disclaimer lang="el_GR">Η παρούσα μικροεφαρμογή δεν έχει υϊοθετηθεί από την Google</disclaimer>
        <disclaimer lang="en_GB">This plugin is not endorsed by Google</disclaimer>
        <disclaimer lang="eo">Tiu aldonaĵo ne estas aprobita de Google</disclaimer>
        <disclaimer lang="es_ES">Este add-on no está respaldado por Google</disclaimer>
        <disclaimer lang="es_MX">Este complemento no está respaldado por Google</disclaimer>
        <disclaimer lang="fi_FI">Google ei tue tätä lisäosaa</disclaimer>
        <disclaimer lang="fr_FR">Ce module n'est pas validé par Google</disclaimer>
        <disclaimer lang="hr_HR">Ovaj dodatak nije podržan od strane Googlea</disclaimer>
        <disclaimer lang="id_ID">Plugin ini tidak didukung oleh Google</disclaimer>
        <disclaimer lang="it_IT">Questo plugin non è approvato da Google</disclaimer>
        <disclaimer lang="ko_KR">이 플러그인은 Google의 허가를 받지 않았습니다</disclaimer>
        <disclaimer lang="nl_NL">Deze plug-in wordt niet door Google ondersteund</disclaimer>
        <disclaimer lang="pl_PL">Ta wtyczka nie jest zatwierdzona przez Google</disclaimer>
        <disclaimer lang="pt_BR">Este plugin não é recomendado pelo Google</disclaimer>
        <disclaimer lang="ro_RO">Acest modul nu este susținut de Google</disclaimer>
        <disclaimer lang="ru_RU">Плагин не поддерживается Google</disclaimer>
        <disclaimer lang="sk_SK">Tento doplnok nie je schválený spoločnosťou Google</disclaimer>
        <disclaimer lang="sv_SE">Denna insticksmodul är inte godkänd av Google</disclaimer>
        <disclaimer lang="tr_TR">Bu eklenti Google tarafından üretilmemiştir</disclaimer>
        <disclaimer lang="uk_UA">Цей додаток не має відношення до компанії Google</disclaimer>
        <disclaimer lang="vi_VN">Plugin này không được xác nhận bởi Google</disclaimer>
        <disclaimer lang="zh_CN">此插件未被谷歌认可</disclaimer>
        <disclaimer lang="zh_TW">此附加元件未由Google支持</disclaimer>
    <news>## v7.3.0
### Fixed
- Revert change to busy polling interval
- Prune invalid entries from DB when closing connection
- Fix regressions with SQLite db operations
- Disable label masks being used in Kodi 18
- Python 2 compatibility workaround for lack of timeout when trying to acquire an RLock
- More expansive handling of inconsistent urllib3 exception re-raising
- Fix regression in handling audio only setting after d154325c5b672dccc6a17413063cfdeb32256ffd
- Fix comments not using correct sort methods
- Fix incorrectly using playlist cache entries that have been invalidated by playlist modification
- Fix some context menu actions failing for video item bookmarks
- Ensure listings and items added by the addon have correct sort order
- Fix resetting client region when playing media with subtitles enabled
- Only add playable items to playlist when adding related items
- Fix using invalid default end limit with Playlist.GetItems JSONRPC method
- Fix conversion of SRT subtitles to WebVTT
- Workaround playback failure of progressive streams
- Fix re-sorting live search lists
- Disable use of custom thumbnail urls
- Workaround addon service not starting prior to plugin invocation
- Fix unofficial version using localised sort order
- Fix parsing of logged_in query parameter
- Fix typo in YouTubePlayerClient error hook
- Fix not resolving single playable items when using the uri2addon plugin endpoint
- Correctly check whether access tokens are available to be used for player requests
- </news></extension>
</addon>
