{
  "id": "gnula",
  "name": "Gnula",
  "thumbnail": "gnula.png",

  "active": true,

  "searchable": true,
  "search_types": ["all", "movie", "tvshow"],

  "categories": ["movie", "tvshow"],
  "language": ["cast", "lat", "vose"],

  "clusters": ["suggested", "current", "notice", "news", "rankings", "lasts", "countries", "producers", "kids", "docs", "vos", "anime"],

  "notes": "Películas por géneros. Series por Géneros. Puede requerir el uso de proxies en función del país/operadora desde el que se accede."
}